pipe_tag,break_date
wp526,2022-08-10
p3844,2022-08-12
p3978,2022-08-19
wp37055,2022-08-22
wp15798,2022-08-22
r4037,2022-09-25
wp28997,2022-09-19
t4183,2022-10-12
u4435,2022-10-12
wp359,2022-10-14
p5166,2022-10-17
p4971,2022-10-18
t45110,2022-10-23
wp27467,2022-11-17
u4594,2022-11-29
p408,2022-11-30
u4621,2022-12-01
wp14391,2022-12-01
r4459,2022-11-23
s43183,2022-12-02
t4437,2022-12-02
s43183,2022-12-02
s43181,2022-12-02
wp15165,2022-12-07
wp27467,2022-12-09
wp23135,2022-12-16
wp1479,2022-12-22
u467,2022-12-27
wp9897,2022-12-29
s42139,2022-12-30
r4382,2022-12-30
q5414,2022-12-30
wp10280,2022-12-31
wp10280,2022-12-31
u4443,2022-12-31
p408,2023-01-01
wp22920,2023-01-01
o47177,2023-01-03
p4739,2023-01-04
t4149,2023-01-05
wp17913,2023-01-09
wp11554,2023-01-09
wp3212,2023-01-09
wp12834,2023-01-09
s42175,2023-01-09
o4746,2023-01-17
s4439,2023-01-12
v46173,2023-01-17
wp24919,2023-01-17
wp1847,2023-01-17
wp20630,2023-01-18
p5237,2023-01-20
w4220,2023-01-20
p4669,2023-01-31
l455,2023-02-04
wp34891,2023-02-06
p5617,2023-02-06
t4588,2023-02-06
wp5808,2023-02-10
wp2595,2023-02-12
wp32195,2023-02-20
t4392,2023-02-20
wp2595,2023-02-17
wp27932,2023-03-01
t4460,2023-03-07
p5141,2023-03-08
q45329,2023-03-20
s3911,2023-03-24
r4259,2023-03-29
t44126,2023-03-31
q5036,2023-04-03
1126,2023-04-06
p4683,2023-04-17
p4683,2023-04-17
wp3212,2023-04-20
wp4602,2023-04-23
wp4602,2023-04-24
12664,2023-04-26
q42128,2023-05-10
t4314,2023-05-14
wp10928,2023-05-18
s3981,2023-05-28
u4181,2023-05-29
u4181,2023-05-29
wp1208,2023-05-30
p48105,2023-06-01
16999,2023-06-06
u4130,2023-06-06
o474,2023-06-12
p48113,2023-06-14
wp17570,2023-06-16
u4131,2023-06-18
wp12828,2023-06-21
wp15798,2023-06-26
wp12832,2023-06-22
q48141,2023-06-27
q48141,2023-07-10
wp1379,2023-07-10
l3715,2023-07-11
wp1379,2023-07-11
r39163,2023-07-12
14353,2023-07-13
q4064,2023-07-17
wp359,2023-07-17
wp7470,2023-07-17
p45183,2023-07-20
p45183,2023-07-19
s3911,2023-07-20
t4046,2023-07-22
wp2914,2023-07-24
s42102,2023-07-25
r333,2023-07-26
q4264,2023-07-24
r4479,2023-07-27
t437,2023-07-28
r39191,2023-07-31
s3911,2023-08-04
q43114,2023-08-05
wp18452,2023-08-15
wp16456,2023-08-21
t4235,2023-08-22
v303,2023-08-23
t43170,2023-08-28
13806,2023-09-14
wp39485,2023-09-15
wp21423,2023-09-15
o47131,2023-09-17
wp6315,2023-09-26
p4979,2023-09-27
wp680,2023-09-28
q5061,2023-10-02
5162,2023-10-03
wp9342,2023-10-04
p5141,2023-10-04
r4188,2023-10-07
wp20070,2023-10-07
s42139,2023-10-10
s42139,2023-10-10
p408,2023-10-16
5162,2023-10-16
wp20623,2023-10-17
v4599,2023-10-23
r4577,2023-10-25
wp685,2023-10-26
12207,2023-10-26
u4515,2023-11-02
wp29128,2023-11-02
wp33489,2023-11-02
o46104,2023-11-09
wp33656,2023-11-09
wp6755,2023-11-15
21763,2023-11-16
27208,2023-11-17
p5037,2023-11-17
s4114,2023-11-27
s439,2023-12-11
wp32386,2023-12-13
t4165,2023-12-13
s443,2023-12-16
v46102,2023-12-16
r4382,2023-12-17
13236,2023-12-21
wp29155,2023-12-26
wp29557,2023-12-26
v46119,2023-12-27
o4319,2024-01-05
q47142,2024-01-11
q4659,2024-01-15
wp25764,2024-01-17
q46133,2024-01-17
t43172,2024-01-18
p4678,2024-01-19
wp26008,2024-01-19
v45113,2024-01-19
s45100,2024-01-20
u4622,2024-01-20
q48200,2024-01-21
p49114,2024-01-22
s4439,2024-01-23
v4721,2024-01-23
wp10149,2024-01-24
q4497,2024-01-29
wp9995,2024-01-30
r44142,2024-02-04
wp3647,2024-02-04
wp3647,2024-02-04
p5115,2024-02-10
p5151,2024-02-11
wp2511,2024-02-15
r38153,2024-02-20
r3870,2024-02-25
p504,2024-02-27
x442,2024-03-01
r38158,2024-03-04
wp16219,2024-03-07
p48113,2024-03-19
p48109,2024-03-19
p48115,2024-03-19
p48108,2024-03-19
p48114,2024-03-19
q5312,2024-03-21
wp30596,2024-03-22
w297,2024-03-23
11285,2024-04-03
v4562,2024-04-08
wp28626,2024-04-12
wp1805,2024-04-27
n434,2024-04-29
wp29135,2024-04-30
m401,2024-05-02
wp38358,2024-05-06
wp18364,2024-05-06
p4415,2024-05-08
m411,2024-05-20
p40109,2024-06-08
r38124,2024-06-10
6923,2024-06-13
k4451,2024-06-14
q48328,2024-06-14
r38124,2024-06-15
s4530,2024-06-17
wp29262,2024-06-18
q44197,2024-06-20
s42171,2024-06-20
wp32629,2024-06-21
wp27217,2024-06-21
p4415,2024-06-21
s4224,2024-06-23
p504,2024-06-24
wp15788,2024-06-25
wp27321,2024-06-26
wp2508,2024-06-26
w297,2024-06-26
p46216,2024-06-28
wp5676,2024-07-03
4681,2024-07-08
wp4149,2024-07-09
249,2024-07-10
2797,2024-07-10
3295,2024-07-11
q44210,2024-07-11
wp8647,2024-07-11
 ,2024-07-12
wp35532,2024-07-22
s4224,2024-07-22
s4224,2024-07-23
wp12674,2024-07-23
5451,2024-07-23
8128,2024-07-24
wp35532,2024-07-24
25617,2024-07-26
wp25544,2024-08-01
r45140,2024-08-01
s4042,2024-08-07
p505,2024-08-13
p4415,2024-08-15
wp25755,2024-08-16
p45219,2024-08-18
17551,2024-08-19
wp26524,2024-08-19
 ,2024-08-20
p44128,2024-08-22
q42144,2024-09-03
wp9393,2024-09-04
p4131,2024-09-04
v46108,2024-09-13
25876,2024-09-13
u4594,2024-09-16
r4439,2024-09-18
p4712,2024-09-20
n4215,2024-09-24
wp17671,2024-09-24
wp1251,2024-09-26
10923,2024-10-03
p4695,2024-10-16
13259,2024-10-17
r3844,2024-10-18
v46159,2024-10-22
23798,2024-10-22
s4218,2024-10-28
wp27652,2024-10-29
wp24919,2024-10-29
5751,2024-10-30
p3844,2024-11-04
wp10272,2024-11-06
wp685,2024-11-19
wp18892,2024-11-19
wp18892,2024-11-20
q607,2024-11-23
wp12467,2024-11-29
p5148,2024-11-30
q3957,2024-12-04
wp24955,2024-12-05
s4134,2024-12-06
s4274,2024-12-06
s4069,2024-12-07
p5025,2024-12-09
wp14011,2024-12-12
v4466,2024-12-12
q44107,2024-12-13
2931,2024-12-13
wp21763,2024-12-23
wp14391,2025-01-07
wp18455,2025-01-08
t4162,2025-01-09
s44111,2025-01-14
wp26270,2025-01-14
l44148,2025-01-17
l455,2025-01-17
q4874,2025-01-19
r42183,2025-01-22
q48128,2025-01-23
p43128,2025-01-23
n4345,2025-01-24
p4647,2025-01-31
r4245,2025-02-02
o322,2025-02-03
v4713,2025-02-04
t4570,2025-02-04
m411,2025-02-05
22093,2025-02-05
l4531,2025-02-16
m372,2025-02-16
wp33962,2025-02-17
wp34459,2025-02-21
wp27388,2025-02-24
r4439,2025-02-25
wp22094,2025-02-26
wp25764,2025-03-18
21992,2025-03-20
wp20221,2025-03-27
wp657,2025-03-27
15618,2025-04-03
21785,2025-04-08
t44110,2025-04-14
t43158,2025-04-14
629,2025-04-16
wp5723,2025-04-21
wp162,2025-04-22
wp19744,2025-04-28
p4444,2025-04-29
29415,2025-05-05
wp3089,2025-05-22
t4186,2025-05-22
t4257,2025-05-25
wp8397,2025-06-24
wp32563,2025-06-30
wp32564,2025-06-30
wp32562,2025-06-30
wp39837,2025-07-01
wp2595,2025-07-01
s40101,2025-07-05
12529,2025-07-06
wp23598,2025-07-07
wp12290,2025-07-21
wp10261,2025-07-21
r44201,2025-07-23
wp8583,2025-07-26
wp4813,2025-08-05
wp23236,2025-08-07
wp25545,2025-08-14
wp25545,2025-08-14
wp5720,2025-08-15
wp5719,2025-08-15
wp2869,2025-08-15
wp5727,2025-08-15
x453,2025-08-15
t4443,2013-01-01
wp15724,2013-01-02
t4142,2013-01-04
p47228,2013-01-11
wp20055,2013-01-11
l4410,2013-01-18
wp21631,2013-01-28
p4671,2013-01-31
wp11277,2013-02-08
wp29666,2013-02-13
q4030,2013-02-18
wp27874,2013-03-04
r3723,2013-03-05
wp7437,2013-03-27
wp22898,2013-03-28
s40154,2013-04-03
wp29498,2013-04-07
o4770,2013-04-08
wp29551,2013-04-12
wp8548,2013-04-15
q468,2013-04-15
wp29617,2013-04-17
wp27936,2013-04-26
v46139,2013-05-02
wp23883,2013-05-06
r3723,2013-05-09
wp29537,2013-05-23
v47109,2013-05-26
wp29632,2013-05-31
wp4918,2013-06-21
wp22747,2013-06-25
wp30918,2013-07-05
v46127,2013-07-09
t4063,2013-07-11
v46124,2013-07-25
wp1376,2013-07-26
wp31748,2013-09-07
wp29515,2013-09-09
wp1545,2013-09-19
s4454,2013-10-28
v47109,2013-11-01
wp28981,2013-11-22
t4437,2013-11-24
u4143,2013-11-30
wp3019,2013-12-02
t45112,2013-12-10
t44102,2013-12-15
wp28981,2013-12-17
q47124,2013-12-27
r473,2014-01-07
q341,2014-01-10
wp18401,2014-01-14
wp31149,2014-01-14
m401,2014-01-14
m401,2014-01-14
wp21774,2014-01-16
u4621,2014-01-17
r4390,2014-01-20
n4215,2014-01-27
l44114,2014-01-29
u4621,2014-01-20
wp12455,2014-01-24
wp6769,2014-01-30
wp3440,2014-01-31
wp5422,2014-02-14
wp5973,2014-02-01
wp5627,2014-02-08
r4598,2014-02-10
wp9825,2014-02-11
q45226,2014-02-15
s4140,2014-02-22
wp21047,2014-02-23
p579,2014-03-11
wp22212,2014-04-05
wp734,2014-04-19
wp734,2014-04-29
wp29717,2014-05-07
q491,2014-05-14
s40105,2014-05-21
wp27310,2014-06-17
n4315,2014-07-06
wp5829,2014-07-15
wp680,2014-07-18
s4398,2014-07-24
r39126,2014-07-25
l3895,2014-08-11
s3921,2014-08-17
o483,2014-08-24
o483,2014-08-25
o4843,2014-08-25
o4843,2014-08-25
wp23639,2014-08-25
p44123,2014-09-08
wp13585,2014-09-08
wp16673,2014-09-09
o4843,2014-09-22
t4570,2014-10-24
wp3999,2014-10-02
wp7398,2014-11-09
t43157,2014-11-13
v47101,2014-11-24
r542,2014-11-19
r4727,2014-12-04
v4758,2014-12-06
wp31748,2014-12-09
v47109,2014-12-10
wp9880,2014-12-28
wp30642,2014-12-28
q4516,2014-12-30
s4316,2014-12-31
wp8992,2015-01-05
s44171,2015-01-10
r4427,2015-01-15
q357,2015-01-15
o4617,2015-01-18
s4534,2015-01-19
wp30706,2015-01-23
s4033,2015-01-23
q4896,2015-02-03
q4428,2015-02-04
r45125,2015-02-21
s4877,2015-02-23
p4131,2015-02-22
p5037,2015-03-01
o47113,2015-03-28
o47113,2015-03-06
wp10211,2015-03-21
p3952,2015-03-26
wp17913,2015-04-11
wp25745,2015-04-28
q4962,2015-05-10
v4559,2015-05-28
s40143,2015-05-28
t44126,2015-05-31
wp3333,2015-06-09
wp18501,2015-06-10
wp29397,2015-06-11
p46106,2015-06-11
o4730,2015-06-15
q5115,2015-06-16
wp32640,2015-06-29
wp31054,2015-06-29
s414,2015-07-06
t40124,2015-07-07
r42160,2015-07-30
r4658,2015-07-31
p4921,2015-08-04
q46189,2015-08-05
r4382,2015-08-05
s46260,2015-08-04
p504,2015-08-05
u4594,2015-08-05
wp33553,2015-08-06
t45110,2015-08-07
p5148,2015-08-11
p5080,2015-08-12
p5080,2015-08-13
wp5687,2015-08-13
q3431,2015-09-02
u45119,2015-09-07
r543,2015-09-10
wp3229,2015-09-16
wp31071,2015-09-16
wp1096,2015-09-19
s4164,2015-09-22
r3913,2015-09-23
wp33223,2015-09-28
wp13301,2015-09-28
s462,2015-09-30
s3925,2015-09-30
wp12072,2015-10-16
p5148,2015-10-07
q3513,2015-10-17
t43207,2015-10-20
wp10211,2015-10-20
wp3436,2015-10-21
s42111,2015-10-19
r552,2015-10-21
wp2694,2015-10-28
wp7877,2015-10-31
wp29128,2015-11-01
s4244,2015-11-03
q3920,2015-11-04
wp2595,2015-11-05
wp14391,2015-11-08
r543,2015-11-16
t4142,2015-11-16
s40135,2015-11-17
m4036,2015-11-20
wp29725,2015-11-23
r3724,2015-11-25
wp23257,2015-11-26
v4684,2015-11-30
wp8557,2015-12-03
s392,2015-12-15
v45104,2015-12-23
wp31607,2015-12-24
wp15005,2015-12-28
i4223,2016-01-06
wp20055,2016-01-07
o4912,2016-01-07
p3469,2016-01-09
wp22143,2016-01-11
o4783,2016-01-11
r3967,2016-01-12
v4684,2016-01-19
wp18207,2016-01-22
s439,2016-01-25
wp11033,2016-02-08
v46138,2016-02-12
u4152,2016-02-16
wp5432,2016-02-18
wp6845,2016-03-01
v439,2016-04-30
r3870,2016-05-11
wp31396,2016-05-27
s3948,2016-06-01
wp7514,2016-06-06
t4186,2016-06-17
p5617,2016-06-20
s3933,2016-06-24
q3431,2016-07-20
s4030,2016-07-28
wp1894,2016-07-29
q505,2016-09-02
p48111,2016-09-09
s552,2016-09-24
wp3440,2016-09-26
p5141,2016-10-05
v4559,2016-10-27
l3884,2016-10-28
v45115,2016-11-11
wp23968,2016-11-12
u467,2016-11-16
p5035,2016-11-19
wp34021,2016-11-22
v4745,2016-11-23
p48206,2016-12-01
p4491,2016-12-01
p5617,2016-12-01
wp32224,2016-12-08
wp22920,2016-12-08
o4738,2016-12-14
q5414,2016-12-15
wp26666,2016-12-19
s44125,2016-12-20
t4152,2016-12-21
wp3654,2016-12-21
r3724,2016-12-25
o501,2016-12-29
r38171,2017-01-01
s4155,2017-01-06
r38171,2017-01-13
s4453,2017-01-24
t46188,2017-01-24
t46188,2017-02-08
q4496,2017-02-09
p3950,2017-02-23
o4830,2017-04-13
q3434,2017-04-29
wp18454,2017-05-01
wp3647,2017-06-30
s4035,2017-07-10
v47109,2017-07-12
s3933,2017-07-14
r3899,2017-07-18
u4515,2017-07-22
q42144,2017-07-24
r38132,2017-07-25
wp30603,2017-07-28
wp8659,2017-08-14
wp25546,2017-08-18
wp5324,2017-08-20
u4515,2017-08-26
r38168,2017-09-05
r3860,2017-09-06
wp5425,2017-09-06
q42211,2017-09-08
wp32404,2017-09-12
wp25745,2017-09-18
k4551,2017-10-04
s4155,2017-10-06
m3923,2017-10-19
p46108,2017-10-20
v4575,2017-10-30
wp18207,2017-10-31
n468,2017-11-01
s4081,2017-11-01
u4550,2017-11-02
wp20055,2017-11-04
u408,2017-11-07
o4537,2017-11-11
wp30918,2017-11-19
s44169,2017-11-19
u4627,2017-11-29
u4343,2017-12-10
t4066,2017-12-11
p3924,2017-12-12
l44147,2017-12-13
q3961,2017-12-14
r542,2017-12-16
wp32646,2017-12-18
wp21365,2017-12-24
p4971,2017-12-29
r4785,2018-01-02
u4567,2018-01-04
wp18704,2018-01-08
q46209,2018-01-08
l4499,2018-01-11
wp34565,2018-01-23
q5173,2018-01-28
o501,2018-01-28
u4567,2018-01-29
u4649,2018-02-14
v4599,2018-01-29
wp8987,2018-02-13
s3948,2018-02-26
s4581,2018-03-08
r469,2018-01-29
o322,2018-03-04
wp16053,2018-03-27
s42181,2018-04-12
wp15824,2018-05-05
s3926,2018-05-25
wp25745,2018-05-26
s3926,2018-05-28
r3844,2018-05-31
s44154,2018-06-05
r38154,2018-06-11
wp10211,2018-06-13
wp14010,2018-06-14
r38168,2018-06-14
v4313,2018-07-02
s4164,2018-07-02
p5115,2018-07-21
wp25745,2018-07-26
u4244,2018-08-21
q3954,2018-09-10
wp33651,2018-09-10
v46127,2018-09-19
s392,2018-10-02
wp217,2018-10-17
wp14864,2018-10-26
wp22143,2018-10-30
s4863,2018-11-03
r3844,2018-11-04
q3954,2018-11-12
p48111,2018-11-18
s4218,2018-11-23
p5119,2018-11-26
u4649,2018-11-29
q5414,2018-12-11
t4368,2018-12-12
s4134,2018-12-17
wp34021,2018-12-22
t4183,2018-12-23
wp22309,2018-12-26
s3925,2018-12-27
wp28489,2018-12-28
s3974,2018-12-29
wp3249,2019-05-25
s42160,2019-05-09
wp18088,2019-05-14
wp7435,2019-04-23
p47147,2019-05-17
t4249,2019-05-16
wp734,2019-05-10
wp19593,2019-04-24
wp13294,2019-05-30
s3922,2019-05-15
q3914,2019-04-26
s40105,2019-03-18
r42146,2019-04-15
wp5106,2019-03-20
wp2501,2019-03-22
q4962,2019-03-18
wp24451,2019-03-14
s3925,2019-03-31
wp8765,2019-03-31
u45100,2019-02-02
 ,2019-03-05
 ,2019-02-26
l453,2019-03-06
r42146,2019-06-01
s42191,2019-02-13
s4033,2019-03-04
wp1131,2019-06-29
p47168,2019-06-23
q45321,2019-06-14
p4133,2019-06-17
r4231,2019-06-18
wp3321,2019-06-18
s4155,2019-06-17
r4479,2019-06-16
s4060,2019-06-15
r424,2019-06-02
 ,2019-06-17
u4117,2019-07-16
q45265,2019-07-21
s3939,2019-07-22
t4257,2019-01-02
s4356,2019-01-10
s4142,2019-01-15
p4664,2019-01-22
wp674,2019-01-23
t4073,2019-01-25
s42111,2019-07-30
q45226,2019-07-29
q4378,2019-07-24
u4455,2019-07-21
wp1457,2019-07-16
wp6315,2019-08-07
r5522,2019-08-10
s42111,2019-08-01
p416,2019-08-14
wp7155,2019-07-24
wp25742,2019-08-13
v293,2019-08-15
v293,2019-09-20
wp3963,2019-09-21
u4244,2019-08-17
w297,2019-08-14
q4424,2019-09-14
 ,2019-09-23
n4615,2019-09-27
l4034,2019-10-12
q43221,2019-10-14
wp24119,2019-10-01
r3979,2019-10-31
r4037,2019-11-09
wp4515,2019-10-22
r541,2019-11-18
wp32394,2019-11-11
wp29557,2019-11-25
p5148,2019-11-28
wp9878,2019-12-31
u408,2019-12-14
 ,2019-12-05
v4464,2019-12-15
p4028,2019-12-05
q5173,2019-11-23
wp4141,2020-01-21
wp33077,2019-11-14
r541,2019-11-18
wp29262,2020-01-24
I44147,2020-01-26
t4429,2020-01-06
wp10940,2020-02-17
q4969,2020-02-20
wp11957,2020-02-06
wp16053,2020-02-16
s3929,2020-01-08
p444,2020-06-07
q42144,2020-06-17
s4145,2020-06-15
o4537,2019-12-02
wp25745,2019-12-16
u4434,2020-01-11
r4479,2020-01-10
r4930,2020-01-11
p561,2020-01-27
wp18401,2020-02-04
r414,2020-03-05
wp6315,2020-07-15
wp28997,2020-05-05
t395,2020-05-12
p5040,2020-02-20
p444,2020-07-07
wp25548,2020-03-30
wp14161,2020-06-07
wp10217,2020-03-10
m417,2020-09-09
s558,2020-09-13
wp20361,2020-08-31
p4086,2020-08-31
q5217,2020-08-29
wp18455,2020-12-07
r44162,2020-09-10
v3114,2020-09-23
p4068,2020-09-03
s3911,2020-09-21
u41118,2020-10-09
l4223,2020-10-20
s3948,2020-10-25
s4347,2020-11-09
wp20964,2020-11-10
wp8243,2020-11-17
s434,2020-11-20
s42176,2020-11-23
r4167,2020-11-24
u4621,2020-11-26
p363,2020-11-27
v46156,2020-11-28
v46108,2020-12-12
o4718,2020-12-09
wp15755,2020-12-17
q4247,2020-12-18
r3923,2020-12-22
o47153,2021-01-01
s46260,2021-01-03
 ,2021-01-04
m4043,2021-01-02
wp17913,2021-01-04
q3954,2021-01-08
u4131,2021-01-12
o46113,2021-01-23
 ,2021-01-17
 ,2021-01-18
o46113,2021-01-21
p5019,2021-01-27
p3974,2021-01-28
 ,2021-01-29
n4215,2021-02-01
wp12077,2021-02-02
 ,2021-02-14
 ,2021-02-20
u403,2021-02-22
 ,2021-02-22
o451,2021-02-23
q45240,2021-02-25
p3841,2021-02-27
n4615,2021-03-15
q422,2021-03-25
u4267,2021-03-28
 ,2021-10-01
 ,2021-10-01
p47212,2021-03-04
o4726,2021-02-18
u408,2021-02-23
o4781,2021-02-25
 ,2021-03-29
o4339,2021-04-02
 ,2021-04-07
wp16707,2021-04-12
o4313,2021-06-03
wp2578,2021-06-05
wp26219,2020-06-17
wp2578,2021-06-21
 ,2021-07-20
 ,2021-08-26
r4812,2021-08-27
 ,2021-09-06
 ,2021-09-06
u4452,2021-09-29
 ,2021-09-29
wp8649,2021-10-14
wp26008,2021-11-20
s434,2020-11-20
s3933,2021-03-21
 ,2021-05-14
wp18413,2020-11-21
wp21773,2020-11-20
q3731,2020-12-01
 wp15509,2021-01-25
 ,2021-02-17
 ,2021-02-18
 o4776,2021-02-19
 wp36537,2021-02-22
 q4974,2021-02-23
 wp22143,2021-04-14
wp14864,2021-04-16
 ,2021-04-19
 r4271,2021-04-20
 wp29098,2021-04-22
 s42120,2021-05-07
r432,2021-06-25
 u4273,2021-06-30
 q3961,2021-07-07
 wp10940,2021-08-14
 wp155,2021-08-17
 v46124,2021-08-24
r38132,2021-08-11
wp5499,2021-11-05
s3942,2021-11-19
l4550,2021-11-24
r3913,2021-12-09
wp15798,2021-12-17
o4730,2021-12-21
p4133,2021-12-26
s4069,2022-01-03
wp18455,2022-01-17
r4550,2022-01-18
v4570,2022-01-24
v46103,2022-01-25
t4347,2022-01-26
s4211,2022-01-26
q4839,2022-01-27
s44111,2022-02-04
q3954,2022-02-09
s4165,2022-02-10
o4783,2022-02-16
o4716,2022-02-28
wp17913,2022-03-01
wpbrk0001,1994-12-21
wpbrk0002,1994-12-27
wpbrk0003,1994-12-27
wpbrk0004,1994-12-13
wpbrk0005,1994-12-13
wpbrk0006,1994-12-13
wpbrk0008,1994-12-15
wpbrk0009,1994-12-08
wpbrk0010,1994-11-29
wpbrk0011,1994-11-29
wpbrk0013,1994-11-22
wpbrk0014,1994-11-25
wpbrk0021,1994-10-27
wpbrk0022,1994-10-28
wpbrk0024,1994-10-21
wpbrk0027,1994-10-20
wpbrk0028,1994-10-12
wpbrk0030,1994-09-20
wpbrk0031,1994-09-20
wpbrk0032,1994-09-16
wpbrk0033,1994-09-12
wpbrk0034,1994-09-04
wpbrk0036,1994-08-26
wpbrk0037,1994-08-23
wpbrk0040,1994-08-22
wpbrk0041,1994-08-09
wpbrk0042,1994-08-03
wpbrk0043,1994-08-03
wpbrk0044,1994-07-29
wpbrk0045,1994-07-15
wpbrk0046,1994-07-13
wpbrk0047,1994-07-07
wpbrk0048,1994-07-11
wpbrk0049,1994-06-28
wpbrk0051,1994-06-16
wpbrk0053,1994-06-15
wpbrk0054,1994-06-15
wpbrk0055,1994-05-28
wpbrk0056,1994-05-04
wpbrk0057,1994-05-06
wpbrk0059,1994-04-13
wpbrk0060,1994-04-14
wpbrk0061,1994-04-08
wpbrk0062,1994-03-29
wpbrk0064,1994-03-15
wpbrk0065,1994-03-02
wpbrk0066,1994-03-07
wpbrk0067,1994-02-28
wpbrk0068,1994-02-22
wpbrk0069,1994-02-22
wpbrk0070,1994-02-24
wpbrk0071,1994-01-28
wpbrk0072,1994-01-30
wpbrk0073,1994-01-29
wpbrk0074,1994-02-01
wpbrk0075,1994-01-21
wpbrk0076,1994-01-26
wpbrk0077,1994-01-14
wpbrk0078,1994-01-14
wpbrk0079,1994-01-19
wpbrk0081,1994-01-10
wpbrk0082,1994-01-11
wpbrk0083,1993-12-28
wpbrk0084,1993-12-29
wpbrk0085,1993-12-29
wpbrk0086,1994-01-03
wpbrk0087,1994-01-03
wpbrk0088,1994-01-04
wpbrk0089,1994-01-04
wpbrk0090,1994-01-04
wpbrk0091,1994-01-05
wpbrk0092,1995-03-13
wpbrk0093,1994-03-06
wpbrk0094,1995-03-06
wpbrk0095,1995-02-14
wpbrk0096,1995-02-20
wpbrk0098,1995-02-13
wpbrk0099,1995-01-30
wpbrk0100,1995-01-30
wpbrk0101,1995-01-24
wpbrk0102,1995-01-05
wpbrk0103,1995-01-09
wpbrk0104,1995-01-12
wpbrk0105,1993-12-08
wpbrk0106,1993-12-14
wpbrk0108,1993-12-02
wpbrk0110,1993-11-24
wpbrk0112,1993-11-29
wpbrk0113,1993-10-25
wpbrk0114,1993-10-04
wpbrk0115,1993-10-04
wpbrk0116,1993-09-20
wpbrk0117,1993-09-20
wpbrk0119,1993-09-16
wpbrk0121,1993-09-02
wpbrk0122,1993-08-09
wpbrk0123,1993-08-05
wpbrk0124,1993-07-29
wpbrk0125,1993-08-02
wpbrk0126,1993-07-16
wpbrk0127,1993-07-07
wpbrk0130,1993-07-05
wpbrk0131,1993-07-06
wpbrk0132,1993-06-24
wpbrk0133,1993-05-10
wpbrk0134,1993-04-21
wpbrk0135,1993-04-14
wpbrk0137,1993-03-01
wpbrk0138,1993-03-01
wpbrk0141,1993-02-17
wpbrk0142,1993-02-05
wpbrk0143,1993-02-02
wpbrk0144,1993-01-19
wpbrk0145,1993-01-20
wpbrk0149,1992-12-28
wpbrk0151,1992-12-29
wpbrk0152,1992-12-17
wpbrk0153,1992-12-22
wpbrk0155,1992-12-14
wpbrk0156,1992-12-07
wpbrk0157,1992-12-07
wpbrk0158,1992-12-08
wpbrk0160,1992-12-01
wpbrk0161,1992-11-10
wpbrk0162,1992-11-06
wpbrk0163,1992-10-22
wpbrk0164,1992-10-12
wpbrk0165,1992-10-12
wpbrk0166,1992-10-12
wpbrk0167,1992-10-13
wpbrk0168,1992-09-25
wpbrk0169,1992-09-29
wpbrk0170,1992-09-29
wpbrk0171,1992-09-17
wpbrk0172,1992-09-18
wpbrk0173,1992-09-18
wpbrk0174,1992-08-16
wpbrk0175,1992-09-03
wpbrk0176,1992-08-24
wpbrk0179,1992-08-22
wpbrk0183,1992-04-22
wpbrk0184,1992-04-23
wpbrk0185,1992-04-01
wpbrk0187,1992-03-04
wpbrk0188,1992-02-27
wpbrk0189,1992-02-06
wpbrk0190,1992-02-07
wpbrk0191,1992-02-08
wpbrk0192,1992-02-04
wpbrk0193,1992-02-05
wpbrk0194,1992-01-30
wpbrk0195,1992-01-31
wpbrk0197,1992-01-15
wpbrk0198,1992-01-20
wpbrk0199,1992-01-09
wpbrk0201,1992-01-06
wpbrk0202,1991-12-18
wpbrk0203,1991-12-20
wpbrk0205,1991-12-20
wpbrk0206,1991-12-21
wpbrk0208,1991-12-14
wpbrk0210,1991-12-09
wpbrk0211,1991-12-03
wpbrk0212,1991-11-25
wpbrk0215,1991-11-22
wpbrk0216,1991-11-08
wpbrk0217,1991-11-12
wpbrk0218,1991-11-12
wpbrk0219,1991-11-14
wpbrk0220,1991-11-17
wpbrk0221,1991-10-17
wpbrk0222,1991-10-17
wpbrk0224,1991-10-14
wpbrk0225,1991-10-02
wpbrk0226,1991-09-24
wpbrk0227,1991-09-20
wpbrk0228,1991-09-23
wpbrk0229,1991-09-23
wpbrk0231,1991-09-23
wpbrk0233,1991-09-13
wpbrk0234,1991-08-23
wpbrk0235,1991-08-21
wpbrk0236,1991-08-23
wpbrk0237,1991-08-20
wpbrk0239,1991-08-17
wpbrk0240,1991-08-01
wpbrk0241,1991-07-27
wpbrk0242,1991-07-18
wpbrk0243,1991-07-18
wpbrk0244,1991-07-19
wpbrk0245,1991-07-15
wpbrk0248,1991-05-03
wpbrk0250,1991-03-04
wpbrk0251,1991-03-04
wpbrk0252,1991-02-04
wpbrk0253,1991-01-17
wpbrk0254,1991-01-24
wpbrk0255,1991-01-07
wpbrk0256,1991-01-07
wpbrk0257,1991-01-07
wpbrk0259,1990-12-11
wpbrk0263,1990-12-12
wpbrk0264,1990-12-05
wpbrk0265,1990-12-08
wpbrk0266,1990-12-04
wpbrk0267,1990-12-05
wpbrk0269,1990-11-28
wpbrk0270,1990-11-15
wpbrk0271,1990-11-13
wpbrk0272,1990-10-13
wpbrk0273,1990-09-27
wpbrk0274,1990-09-28
wpbrk0275,1990-09-21
wpbrk0276,1990-08-13
wpbrk0277,1990-08-10
wpbrk0279,1990-07-19
wpbrk0280,1990-07-20
wpbrk0281,1990-07-11
wpbrk0283,1990-06-25
wpbrk0284,1990-06-12
wpbrk0285,1990-06-13
wpbrk0286,1990-04-25
wpbrk0287,1990-03-26
wpbrk0288,1990-01-07
wpbrk0289,1989-12-22
wpbrk0293,1989-12-26
wpbrk0295,1989-12-22
wpbrk0296,1989-12-29
wpbrk0297,1989-12-11
wpbrk0298,1989-12-12
wpbrk0299,1989-12-12
wpbrk0300,1989-12-14
wpbrk0302,1989-12-15
wpbrk0305,1989-12-17
wpbrk0306,1989-12-18
wpbrk0308,1989-12-19
wpbrk0309,1989-12-03
wpbrk0310,1989-12-10
wpbrk0311,1989-11-09
wpbrk0312,1989-11-16
wpbrk0314,1989-11-03
wpbrk0315,1989-10-27
wpbrk0316,1989-09-29
wpbrk0317,1989-09-05
wpbrk0318,1989-08-28
wpbrk0319,1989-08-31
wpbrk0320,1989-08-04
wpbrk0323,1989-08-07
wpbrk0324,1989-07-12
wpbrk0325,1989-07-14
wpbrk0326,1989-07-17
wpbrk0327,1989-07-11
wpbrk0328,1989-06-26
wpbrk0330,1989-06-14
wpbrk0331,1989-05-01
wpbrk0332,1989-03-29
wpbrk0333,1989-03-03
wpbrk0334,1989-02-27
wpbrk0336,1989-02-16
wpbrk0338,1989-02-21
wpbrk0339,1989-02-13
wpbrk0342,1989-01-19
wpbrk0343,1989-01-19
wpbrk0346,1988-12-27
wpbrk0347,1988-12-27
wpbrk0348,1988-12-27
wpbrk0349,1988-12-20
wpbrk0350,1989-01-03
wpbrk0351,1989-01-03
wpbrk0352,1988-12-13
wpbrk0353,1988-12-13
wpbrk0354,1988-12-14
wpbrk0356,1988-12-19
wpbrk0357,1988-12-19
wpbrk0358,1988-12-20
wpbrk0359,1988-12-21
wpbrk0360,1988-11-28
wpbrk0361,1988-11-28
wpbrk0362,1988-11-02
wpbrk0363,1988-11-07
wpbrk0364,1988-11-09
wpbrk0365,1988-11-14
wpbrk0366,1988-10-28
wpbrk0367,1988-10-28
wpbrk0368,1988-10-26
wpbrk0369,1988-10-12
wpbrk0370,1988-10-12
wpbrk0373,1988-10-17
wpbrk0374,1988-10-17
wpbrk0375,1988-10-06
wpbrk0376,1988-10-10
wpbrk0377,1988-10-11
wpbrk0378,1988-09-28
wpbrk0379,1988-09-13
wpbrk0380,1988-09-13
wpbrk0381,1988-09-07
wpbrk0382,1988-09-07
wpbrk0383,1988-09-12
wpbrk0384,1988-09-01
wpbrk0385,1988-08-26
wpbrk0386,1988-08-11
wpbrk0387,1988-07-22
wpbrk0391,1988-07-07
wpbrk0392,1988-07-11
wpbrk0393,1988-06-17
wpbrk0394,1988-06-22
wpbrk0395,1988-06-03
wpbrk0397,1988-05-19
wpbrk0398,1988-05-19
wpbrk0399,1988-05-11
wpbrk0402,1988-04-13
wpbrk0403,1988-04-19
wpbrk0404,1988-04-19
wpbrk0405,1988-04-19
wpbrk0407,1988-04-21
wpbrk0408,1988-03-30
wpbrk0409,1988-03-30
wpbrk0410,1988-03-16
wpbrk0411,1988-03-17
wpbrk0412,1988-03-22
wpbrk0413,1988-03-10
wpbrk0414,1988-03-10
wpbrk0415,1988-03-01
wpbrk0416,1988-03-02
wpbrk0418,1988-02-10
wpbrk0419,1988-02-22
wpbrk0420,1988-02-01
wpbrk0421,1988-02-08
wpbrk0422,1988-02-08
wpbrk0423,1988-02-09
wpbrk0424,1988-01-21
wpbrk0425,1988-01-25
wpbrk0426,1988-01-27
wpbrk0427,1988-01-14
wpbrk0428,1988-01-15
wpbrk0429,1988-01-20
wpbrk0430,1987-12-23
wpbrk0431,1987-12-20
wpbrk0432,1988-01-04
wpbrk0433,1988-01-04
wpbrk0434,1988-01-04
wpbrk0435,1988-01-05
wpbrk0437,1988-01-07
wpbrk0438,1988-01-07
wpbrk0439,1987-12-15
wpbrk0441,1987-11-17
wpbrk0442,1987-11-17
wpbrk0443,1987-11-13
wpbrk0444,1987-11-13
wpbrk0445,1987-11-16
wpbrk0446,1987-11-04
wpbrk0447,1987-10-26
wpbrk0448,1987-10-26
wpbrk0449,1987-10-16
wpbrk0450,1987-10-09
wpbrk0451,1987-09-24
wpbrk0452,1987-09-28
wpbrk0453,1987-09-25
wpbrk0454,1987-09-21
wpbrk0455,1987-09-22
wpbrk0456,1987-09-23
wpbrk0457,1987-08-24
wpbrk0458,1987-08-24
wpbrk0459,1987-08-27
wpbrk0460,1987-08-21
wpbrk0462,1987-08-13
wpbrk0463,1987-08-14
wpbrk0465,1987-06-15
wpbrk0466,1987-06-11
wpbrk0468,1987-04-30
wpbrk0469,1987-04-22
wpbrk0470,1987-02-23
wpbrk0472,1987-02-02
wpbrk0473,1987-01-12
wpbrk0474,1986-12-16
wpbrk0475,1986-12-17
wpbrk0477,1986-12-08
wpbrk0478,1986-12-08
wpbrk0479,1986-12-09
wpbrk0480,1986-12-10
wpbrk0481,1986-12-09
wpbrk0482,1986-11-26
wpbrk0483,1986-11-14
wpbrk0484,1986-11-18
wpbrk0485,1986-11-19
wpbrk0486,1986-11-19
wpbrk0487,1986-11-05
wpbrk0488,1986-10-29
wpbrk0490,1986-11-03
wpbrk0491,1986-10-27
wpbrk0492,1986-10-27
wpbrk0493,1986-10-16
wpbrk0494,1986-10-08
wpbrk0496,1986-09-25
wpbrk0498,1986-09-15
wpbrk0500,1986-08-12
wpbrk0502,1986-08-07
wpbrk0503,1986-06-18
wpbrk0504,1986-06-16
wpbrk0505,1986-06-16
wpbrk0506,1986-04-21
wpbrk0507,1986-04-06
wpbrk0508,1986-02-24
wpbrk0509,1986-02-03
wpbrk0510,1986-02-13
wpbrk0512,1985-12-24
wpbrk0514,1985-12-31
wpbrk0515,1986-01-02
wpbrk0517,1985-12-05
wpbrk0518,1985-12-24
wpbrk0519,1985-11-21
wpbrk0520,1985-11-26
wpbrk0521,1985-11-20
wpbrk0522,1985-11-01
wpbrk0523,1985-10-22
wpbrk0526,1985-10-07
wpbrk0527,1985-10-09
wpbrk0528,1985-10-01
wpbrk0529,1985-09-19
wpbrk0530,1985-09-12
wpbrk0531,1985-08-23
wpbrk0532,1985-08-16
wpbrk0533,1985-08-19
wpbrk0534,1985-08-20
wpbrk0535,1985-08-13
wpbrk0537,1985-07-11
wpbrk0538,1985-07-11
wpbrk0539,1985-06-28
wpbrk0540,1985-06-21
wpbrk0541,1985-06-24
wpbrk0542,1985-05-10
wpbrk0543,1985-04-17
wpbrk0544,1985-04-01
wpbrk0545,1985-04-22
wpbrk0546,1985-03-25
wpbrk0547,1985-03-04
wpbrk0548,1985-03-05
wpbrk0549,1985-03-05
wpbrk0551,1985-02-07
wpbrk0552,1985-02-09
wpbrk0553,1985-01-16
wpbrk0555,1985-01-28
wpbrk0556,1985-01-28
wpbrk0557,1985-01-08
wpbrk0558,1984-12-19
wpbrk0559,1984-12-23
wpbrk0560,1984-12-26
wpbrk0561,1984-12-04
wpbrk0562,1984-12-10
wpbrk0563,1984-12-10
wpbrk0565,1984-11-12
wpbrk0566,1984-11-01
wpbrk0567,1984-11-01
wpbrk0568,1984-10-18
wpbrk0569,1984-10-04
wpbrk0571,1984-10-03
wpbrk0572,1984-10-03
wpbrk0573,1984-10-01
wpbrk0574,1984-08-29
wpbrk0575,1984-08-13
wpbrk0576,1984-08-08
wpbrk0577,1984-06-18
wpbrk0578,1984-06-20
wpbrk0579,1984-06-19
wpbrk0580,1984-05-17
wpbrk0581,1984-05-18
wpbrk0582,1984-05-23
wpbrk0584,1984-04-26
wpbrk0585,1984-04-18
wpbrk0586,1984-03-23
wpbrk0587,1984-03-26
wpbrk0588,1984-03-08
wpbrk0589,1984-02-23
wpbrk0590,1984-02-27
wpbrk0591,1984-02-14
wpbrk0592,1984-02-14
wpbrk0594,1984-02-06
wpbrk0595,1984-01-13
wpbrk0598,1984-01-03
wpbrk0599,1984-01-04
wpbrk0600,1984-01-05
wpbrk0601,1984-01-08
wpbrk0602,1984-01-08
wpbrk0604,1983-12-21
wpbrk0605,1983-12-22
wpbrk0606,1983-12-28
wpbrk0607,1984-01-03
wpbrk0608,1983-12-08
wpbrk0609,1983-11-07
wpbrk0610,1983-10-31
wpbrk0611,1983-11-01
wpbrk0612,1983-10-25
wpbrk0613,1983-10-17
wpbrk0614,1983-10-20
wpbrk0615,1983-10-12
wpbrk0616,1983-10-12
wpbrk0617,1983-10-05
wpbrk0618,1983-10-11
wpbrk0619,1983-09-30
wpbrk0620,1983-09-30
wpbrk0621,1983-09-28
wpbrk0622,1983-09-16
wpbrk0623,1983-09-20
wpbrk0625,1983-09-26
wpbrk0626,1983-09-13
wpbrk0627,1983-09-08
wpbrk0628,1983-09-12
wpbrk0629,1983-08-23
wpbrk0630,1983-07-18
wpbrk0631,1983-07-12
wpbrk0632,1983-07-11
wpbrk0633,1983-06-14
wpbrk0634,1983-04-27
wpbrk0635,1983-04-21
wpbrk0637,1983-03-02
wpbrk0638,1983-02-17
wpbrk0640,1983-02-22
wpbrk0643,1983-01-03
wpbrk0644,1982-12-10
wpbrk0646,1982-12-14
wpbrk0647,1982-11-28
wpbrk0648,1982-12-02
wpbrk0649,1982-11-17
wpbrk0651,1982-11-08
wpbrk0652,1982-10-25
wpbrk0654,1982-10-08
wpbrk0655,1982-10-05
wpbrk0656,1982-09-16
wpbrk0657,1982-09-07
wpbrk0658,1982-07-30
wpbrk0661,1982-07-22
wpbrk0662,1982-07-05
wpbrk0663,1982-07-05
wpbrk0665,1982-06-29
wpbrk0666,1982-06-25
wpbrk0668,1982-05-24
wpbrk0670,1982-05-10
wpbrk0675,1982-03-16
wpbrk0676,1982-03-05
wpbrk0679,1982-02-24
wpbrk0680,1982-01-25
wpbrk0681,1982-01-28
wpbrk0683,1981-12-21
wpbrk0684,1982-01-04
wpbrk0685,1982-01-04
wpbrk0686,1981-12-10
wpbrk0687,1981-12-11
wpbrk0688,1981-12-16
wpbrk0692,1981-12-07
wpbrk0694,1981-11-23
wpbrk0696,1981-11-04
wpbrk0697,1981-10-26
wpbrk0699,1981-10-16
wpbrk0700,1981-10-21
wpbrk0701,1981-10-08
wpbrk0704,1981-09-24
wpbrk0706,1981-07-16
wpbrk0707,1981-07-20
wpbrk0710,1981-03-27
wpbrk0711,1981-03-05
wpbrk0714,1981-01-16
wpbrk0716,1981-01-05
wpbrk0709,1981-05-07
wpbrk0717,1995-10-31
wpbrk0718,1995-11-16
wpbrk0719,1995-11-26
wpbrk0720,1995-11-26
wpbrk0722,1995-12-19
wpbrk0724,1996-01-08
wpbrk0726,1995-12-06
wpbrk0727,1995-12-13
wpbrk0728,1995-12-26
wpbrk0729,1995-11-15
wpbrk0730,1995-10-16
wpbrk0731,1995-11-09
wpbrk0732,1995-11-08
wpbrk0733,1995-11-06
wpbrk0734,1995-11-13
wpbrk0735,1995-11-13
wpbrk0736,1995-11-13
wpbrk0737,1995-11-13
wpbrk0738,1995-11-16
wpbrk0739,1995-09-20
wpbrk0740,1995-09-19
wpbrk0741,1995-10-28
wpbrk0746,1996-08-31
wpbrk0748,1996-11-12
wpbrk0749,1996-11-26
wpbrk0747,1996-10-24
wpbrk0750,1996-09-27
wpbrk0751,1996-10-02
wpbrk0752,1996-11-29
wpbrk0753,1996-12-23
wpbrk0754,1996-12-23
wpbrk0755,1997-01-21
wpbrk0756,1997-01-21
wpbrk0757,1997-01-23
wpbrk0759,1997-02-26
wpbrk0761,1997-07-29
wpbrk0762,1996-12-30
wpbrk0764,1997-08-28
wpbrk0765,1997-09-01
wpbrk0766,1997-11-09
wpbrk0767,1997-11-10
wpbrk0769,1997-11-25
wpbrk0770,1997-11-17
wpbrk0771,1997-11-22
wpbrk0773,1998-03-16
wpbrk0774,1998-01-04
wpbrk0777,1998-01-19
wpbrk0778,1998-01-22
wpbrk0779,1997-12-30
wpbrk0780,1998-01-08
wpbrk0781,1998-07-02
wpbrk0783,1998-02-13
wpbrk0745,1996-11-04
wpbrk0786,1998-07-26
wpbrk0788,1998-08-27
wpbrk0789,1998-09-29
wpbrk0790,1998-10-17
wpbrk0791,1998-10-04
wpbrk0792,1998-10-05
wpbrk0793,1998-11-26
wpbrk0794,1998-08-06
wpbrk0796,1999-01-08
wpbrk0797,1999-01-10
wpbrk0798,1999-01-07
wpbrk0800,1999-06-19
wpbrk0801,1999-08-06
wpbrk0802,1999-08-09
wpbrk0803,1999-01-28
wpbrk0805,1999-01-18
wpbrk0806,1999-01-28
wpbrk0807,1999-02-15
wpbrk0808,1999-03-15
wpbrk0809,1999-03-10
wpbrk0810,1999-02-26
wpbrk0811,1999-03-12
wpbrk0812,1999-01-05
wpbrk0813,1999-08-16
wpbrk0814,1999-07-28
wpbrk0815,1999-09-03
wpbrk0816,1999-09-17
wpbrk0818,1999-09-03
wpbrk0819,1999-09-02
wpbrk0820,1999-09-08
wpbrk0712,1981-02-13
wpbrk0821,1999-09-27
wpbrk0822,1999-09-19
wpbrk0823,1999-09-19
wpbrk0824,1999-10-08
wpbrk0825,1999-09-17
wpbrk0826,1999-10-04
wpbrk0827,1999-10-09
wpbrk0829,1999-09-22
wpbrk0830,1999-09-30
wpbrk0831,1999-10-04
wpbrk0832,1999-11-02
wpbrk0833,1999-10-25
wpbrk0834,1999-10-20
wpbrk0835,1999-11-29
wpbrk0836,1999-11-12
wpbrk0837,2000-01-15
wpbrk0838,2000-01-25
wpbrk0841,1999-12-18
wpbrk0842,1999-12-10
wpbrk0843,1999-12-20
wpbrk0844,2000-01-06
wpbrk0845,2000-01-24
wpbrk0846,2000-01-31
wpbrk0847,1999-12-15
wpbrk0848,2000-12-30
wpbrk0849,2000-01-03
wpbrk0850,1999-12-13
wpbrk0851,1999-12-14
wpbrk0854,2000-03-22
wpbrk0855,2000-02-14
wpbrk0858,2000-01-27
wpbrk0861,1999-10-27
wpbrk0873,2000-09-15
wpbrk0877,2000-08-01
wpbrk0878,1998-12-18
wpbrk0879,1998-12-27
wpbrk0895,1999-01-01
wpbrk0896,1998-12-16
wpbrk0899,2000-04-13
wpbrk0900,2000-07-10
wpbrk0901,2001-01-03
wpbrk0902,2000-11-06
wpbrk0903,2000-12-18
wpbrk0904,2000-12-19
wpbrk0910,2001-05-03
wpbrk0914,2000-12-12
wpbrk0915,2000-09-23
wpbrk0916,2000-07-12
wpbrk0917,2001-01-26
wpbrk0919,2000-11-29
wpbrk0921,2001-05-15
wpbrk0923,2002-01-30
wpbrk0926,1996-04-04
wpbrk0927,1996-04-04
wpbrk0928,1996-04-10
wpbrk0931,1994-10-26
wpbrk0932,1996-02-16
wpbrk0935,1995-11-13
wpbrk0939,2002-03-22
wpbrk0940,2002-01-14
wpbrk0941,2002-05-20
wpbrk0943,2002-08-02
wpbrk0944,2001-10-31
wpbrk0945,2000-12-11
wpbrk0946,2000-12-11
wpbrk0948,2002-07-02
wpbrk0949,2002-07-05
wpbrk0950,2002-10-31
wpbrk0952,2002-11-13
wpbrk0955,2002-12-13
wpbrk0956,2002-12-01
wpbrk0957,2002-11-12
wpbrk0982,2002-11-01
wpbrk0986,2003-09-22
wpbrk0988,2003-12-15
wpbrk0989,2003-12-15
wpbrk0990,2004-02-02
wpbrk0993,2004-04-16
wpbrk0291,1989-12-26
wpbrk0996,1999-11-30
wpbrk0999,2004-08-26
wpbrk1000,2004-09-03
wpbrk1002,1999-01-01
wpbrk1003,2004-12-01
wpbrk1004,2004-12-03
wpbrk1005,2004-12-05
wpbrk1007,2004-12-23
wpbrk1008,2004-12-27
wpbrk1009,2004-12-27
wpbrk1010,2004-12-27
wpbrk1012,2005-01-06
wpbrk1014,2004-12-13
wpbrk1015,2004-12-14
wpbrk1016,2004-11-17
wpbrk1017,2004-12-07
wpbrk1018,2005-01-20
wpbrk1019,2005-01-21
wpbrk1020,2005-01-25
wpbrk1021,2005-02-02
wpbrk1022,2005-02-03
wpbrk1023,2005-02-07
wpbrk1024,2005-02-09
wpbrk1044,2005-02-22
wpbrk1049,2005-05-22
wpbrk1061,2005-08-08
wpbrk1062,2005-08-15
wpbrk1063,2005-08-14
wpbrk1064,2005-07-27
wpbrk1065,2005-07-27
wpbrk1066,2005-09-25
wpbrk1067,2005-09-28
wpbrk1069,2005-10-25
wpbrk1070,2005-11-02
wpbrk1071,2005-11-15
wpbrk1072,2005-11-14
wpbrk1073,2005-11-16
wpbrk1074,2005-09-26
wpbrk0785,1998-04-13
wpbrk1077,2005-12-06
wpbrk1078,2005-12-02
wpbrk1079,2005-12-19
wpbrk1080,2005-12-15
wpbrk1081,2005-12-10
wpbrk1082,2005-12-30
wpbrk1084,2006-02-10
wpbrk1085,2006-02-17
wpbrk1086,2006-02-17
wpbrk1087,2006-02-20
wpbrk1088,2006-03-15
wpbrk0268,1990-12-05
wpbrk0436,1988-01-07
wpbrk1093,2006-04-28
wpbrk1096,2006-10-25
wpbrk1097,2006-10-30
wpbrk1098,2006-11-16
wpbrk1099,2006-11-16
wpbrk1100,2006-11-28
wpbrk1101,2006-11-29
wpbrk1102,2006-12-11
wpbrk1103,2006-12-07
wpbrk1104,2007-01-01
wpbrk1105,2007-01-02
wpbrk1106,2007-01-24
wpbrk1107,2007-01-24
wpbrk1108,2007-01-29
wpbrk1110,2007-01-29
wpbrk1111,2007-01-08
wpbrk1112,2007-02-02
wpbrk1114,2007-02-11
wpbrk1115,2007-02-19
wpbrk1116,2007-02-23
wpbrk1117,2007-04-09
wpbrk1120,2007-06-17
wpbrk1121,2007-06-16
wpbrk1122,2007-06-16
wpbrk1123,2007-07-10
wpbrk1124,2007-08-13
wpbrk1125,2007-08-17
wpbrk1126,2007-08-17
wpbrk1128,2007-08-28
wpbrk1129,2007-08-27
wpbrk1130,2007-08-30
wpbrk1131,2007-08-27
wpbrk1132,2007-09-12
wpbrk1137,2007-09-22
wpbrk1138,2007-10-08
wpbrk1139,2007-10-15
wpbrk1141,2007-10-17
wpbrk0499,1986-09-16
wpbrk1142,2007-08-30
wpbrk1143,2007-10-25
wpbrk1144,2007-10-25
wpbrk1145,2007-11-09
wpbrk1146,2007-11-19
wpbrk1147,2007-11-19
wpbrk1148,2007-12-05
wpbrk1149,2007-12-17
wpbrk1150,2007-12-17
wpbrk1151,2007-12-17
wpbrk1152,2007-12-19
wpbrk1153,2007-12-26
wpbrk1155,2007-12-28
wpbrk1156,2008-01-02
wpbrk1158,2007-11-14
wpbrk1160,2008-01-29
wpbrk1161,2008-02-25
wpbrk1162,2008-02-25
wpbrk1163,2008-02-25
wpbrk1164,2008-02-27
wpbrk1165,2008-02-06
wpbrk1166,2008-03-10
wpbrk1167,2008-03-10
wpbrk1170,2008-04-01
wpbrk1172,2008-05-14
wpbrk1175,2008-05-20
wpbrk1177,2008-07-15
wpbrk1182,2008-08-13
wpbrk0329,1989-07-02
wpbrk1183,2008-08-14
wpbrk1184,2008-08-13
wpbrk1185,2008-08-15
wpbrk1186,2008-08-16
wpbrk1188,2008-09-16
wpbrk1189,2008-10-20
wpbrk1190,2008-10-04
wpbrk1193,2008-11-10
wpbrk1194,2008-11-13
wpbrk1195,2008-11-14
wpbrk1199,2008-11-10
wpbrk1200,2008-12-02
wpbrk1013,2004-12-20
wpbrk1202,2008-12-01
wpbrk1203,2008-12-10
wpbrk1204,2008-12-10
wpbrk1207,2008-12-13
wpbrk1208,2008-12-18
wpbrk1211,2009-01-13
wpbrk1214,2009-01-20
wpbrk1215,2009-01-20
wpbrk1216,2009-01-20
wpbrk1217,2009-01-20
wpbrk1218,2009-01-20
wpbrk1220,2009-01-22
wpbrk1221,2009-02-24
wpbrk1222,2009-03-22
wpbrk1223,2009-04-24
wpbrk1225,2009-05-27
wpbrk1226,2009-07-09
wpbrk1227,2009-07-08
wpbrk1230,2009-08-20
wpbrk1231,2009-08-23
wpbrk1233,2009-09-08
wpbrk1234,2009-09-08
wpbrk1236,2009-10-13
wpbrk1237,2009-10-13
wpbrk1238,2009-10-20
wpbrk1239,2009-10-24
wpbrk1241,2009-11-16
wpbrk0020,1994-11-01
wpbrk1247,2009-12-10
wpbrk1249,2009-12-14
wpbrk1256,2010-01-05
wpbrk1258,2010-01-09
wpbrk1259,2010-01-19
wpbrk1261,2010-02-01
wpbrk1262,2010-02-02
wpbrk1263,2010-02-05
wpbrk1265,2010-02-19
wpbrk1266,2010-02-01
wpbrk1277,2010-04-16
wpbrk1279,2009-07-24
wpbrk1280,2009-11-25
wpbrk1281,2009-05-29
wpbrk1255,2009-12-29
wpbrk1282,2009-01-22
wpbrk1283,2009-01-26
wpbrk1285,2009-09-17
wpbrk1286,2009-11-10
wpbrk1287,2009-11-20
wpbrk1288,2009-03-11
wpbrk0645,1982-12-13
wpbrk0693,1981-12-08
wpbrk0554,1985-01-25
wpbrk1289,2009-02-23
wpbrk1290,2009-02-19
wpbrk1291,2009-01-16
wpbrk1292,2010-05-19
wpbrk1293,2009-09-06
wpbrk1294,2009-09-03
wpbrk1295,2009-09-01
wpbrk1296,2009-01-20
wpbrk1297,2010-03-30
wpbrk1298,2010-06-15
wpbrk1299,2010-07-07
wpbrk1300,2010-07-19
wpbrk1302,2010-07-29
wpbrk1303,2010-08-06
wpbrk1304,2010-08-06
wpbrk1305,2010-08-07
wpbrk1306,2010-08-16
wpbrk1307,2010-08-16
wpbrk1309,2010-08-24
wpbrk1312,2010-09-07
wpbrk1313,2010-09-10
wpbrk1314,2010-08-31
wpbrk1316,2010-09-22
wpbrk1317,2010-09-29
wpbrk1318,2010-09-28
wpbrk1319,2010-09-20
wpbrk1320,2010-10-04
wpbrk1321,2010-09-20
wpbrk1322,2010-09-20
wpbrk1323,2010-10-04
wpbrk1324,2010-09-16
wpbrk1325,2010-09-27
wpbrk1326,2010-08-30
wpbrk1327,2010-10-06
wpbrk1328,2010-10-05
wpbrk1329,2010-10-18
wpbrk1330,2010-04-05
wpbrk1331,2010-11-03
wpbrk1332,2010-11-08
wpbrk1333,2010-11-03
wpbrk1334,2010-11-09
wpbrk1335,2010-11-04
wpbrk1336,2010-11-29
wpbrk1337,2010-11-29
wpbrk1338,2010-12-08
wpbrk1339,2010-12-07
wpbrk1340,2010-12-07
wpbrk1341,2010-12-10
wpbrk1342,2010-12-10
wpbrk1343,2010-12-20
wpbrk1345,2010-12-14
wpbrk1346,2010-12-14
wpbrk1347,2010-12-20
wpbrk1348,2010-12-16
wpbrk1349,2010-12-16
wpbrk1350,2010-12-17
wpbrk1351,2010-12-21
wpbrk1352,2010-12-21
wpbrk1353,2010-11-05
wpbrk1354,2010-11-11
wpbrk1355,2010-11-06
wpbrk1356,2010-12-13
wpbrk1357,2010-12-15
wpbrk1358,2010-11-18
wpbrk1359,2010-12-03
wpbrk1360,2010-12-13
wpbrk1361,2010-12-01
wpbrk1362,2010-12-23
wpbrk1363,2010-12-29
wpbrk1364,2010-11-15
wpbrk1365,2010-12-30
wpbrk1366,2011-01-03
wpbrk1368,2010-12-26
wpbrk1369,2011-01-05
wpbrk1370,2011-01-07
wpbrk1371,2011-01-11
wpbrk1372,2011-01-14
wpbrk1373,2011-01-21
wpbrk1374,2011-01-22
wpbrk1375,2011-02-03
wpbrk0025,1994-10-25
wpbrk1378,2011-02-25
wpbrk1379,2011-02-28
wpbrk1380,2011-03-07
wpbrk1381,2011-03-12
wpbrk1382,2011-03-13
wpbrk1385,2011-03-24
wpbrk1386,2011-03-31
wpbrk1389,2011-04-08
wpbrk1392,2011-04-18
wpbrk1394,2011-04-18
wpbrk1395,2011-04-21
wpbrk1400,2011-05-16
wpbrk1401,2011-05-16
wpbrk1403,2011-05-23
wpbrk1404,2011-05-22
wpbrk1405,2011-06-06
wpbrk1406,2011-06-13
wpbrk1407,2011-06-09
wpbrk1408,2011-06-16
wpbrk1409,2011-06-16
wpbrk1413,2011-07-25
wpbrk1414,2011-07-27
wpbrk1415,2011-07-27
wpbrk1416,2011-08-11
wpbrk1417,2011-08-18
wpbrk1418,2011-08-15
wpbrk1419,2011-08-23
wpbrk1421,2011-08-30
wpbrk1423,2011-09-15
wpbrk1424,2011-09-13
wpbrk1425,2011-09-11
wpbrk1426,2011-09-15
wpbrk1427,2011-10-03
wpbrk1428,2011-09-30
wpbrk1429,2011-09-26
wpbrk1430,2011-10-10
wpbrk1431,2011-10-10
wpbrk1432,2011-10-10
wpbrk1433,2011-10-13
wpbrk1434,2011-11-07
wpbrk1435,2011-11-10
wpbrk1436,2011-11-15
wpbrk1437,2011-11-15
wpbrk1438,2011-11-30
wpbrk1439,2011-12-04
wpbrk1440,2011-12-08
wpbrk1441,2011-12-08
wpbrk1442,2011-12-12
wpbrk1443,2011-12-17
wpbrk1444,2011-12-16
wpbrk1445,2011-12-31
wpbrk1446,2011-12-31
wpbrk1447,2012-01-04
wpbrk1448,2012-01-03
wpbrk1449,2012-01-05
wpbrk1450,2012-01-31
wpbrk1451,2012-02-07
wpbrk1452,2012-02-23
wpbrk1453,2012-03-06
wpbrk1454,2011-06-26
wpbrk1455,2011-09-02
wpbrk1456,2011-07-09
wpbrk1457,2012-03-15
wpbrk1459,2012-03-28
wpbrk1460,2012-04-04
wpbrk1461,2012-04-12
wpbrk1462,2012-04-25
wpbrk1465,2012-05-09
wpbrk1468,2012-06-05
wpbrk1469,2012-06-06
wpbrk1470,2012-06-22
wpbrk1471,2012-06-23
wpbrk1472,2012-06-26
wpbrk1474,2012-07-06
wpbrk1476,2012-07-11
wpbrk1477,2012-07-26
wpbrk1478,2012-07-24
wpbrk1479,2012-08-09
wpbrk1480,2012-08-16
wpbrk1481,2012-08-09
wpbrk1482,2012-09-07
wpbrk1483,2012-09-19
wpbrk1484,2012-10-26
wpbrk1485,2012-10-23
wpbrk1486,2012-11-06
wpbrk1487,2012-09-27
wpbrk1488,2012-11-10
wpbrk1489,2012-11-10
wpbrk1490,2012-11-14
wpbrk1491,2012-11-14
wpbrk1492,2012-11-14
wpbrk1493,2012-11-22
wpbrk1494,2012-11-29
wpbrk1495,2012-11-28
wpbrk1496,2012-12-10
wpbrk1497,2012-12-05
wpbrk1498,2012-12-11
wpbrk1499,2012-12-15
wpbrk1500,2012-12-22
wpbrk1501,2012-12-24
wpbrk1502,2012-12-25
wpbrk1503,2012-12-26
wpbrk1504,2012-12-26
wpbrk1505,2012-12-31
wpbrk1570,2014-02-01
wpbrk1706,2015-12-23
wpbrk1757,2016-12-21
wpbrk0007,1994-12-14
wpbrk0012,1994-11-30
wpbrk0023,1994-10-31
wpbrk0050,1994-06-23
wpbrk0058,1994-04-26
wpbrk0063,1994-03-29
wpbrk0107,1993-11-30
wpbrk0109,1993-11-24
wpbrk0118,1993-09-21
wpbrk0147,1993-01-14
wpbrk0150,1992-12-29
wpbrk0154,1992-12-10
wpbrk0159,1992-12-02
wpbrk0177,1992-08-25
wpbrk0178,1992-08-21
wpbrk0180,1992-07-15
wpbrk0182,1992-04-22
wpbrk0186,1992-03-06
wpbrk0196,1992-01-22
wpbrk0200,1992-01-06
wpbrk0207,1991-12-26
wpbrk0214,1991-11-21
wpbrk0230,1991-09-23
wpbrk0238,1991-08-16
wpbrk0249,1991-04-15
wpbrk0258,1991-01-08
wpbrk0278,1990-07-27
wpbrk0282,1990-07-02
wpbrk0292,1989-12-26
wpbrk0304,1989-12-15
wpbrk0307,1989-12-19
wpbrk0313,1989-11-20
wpbrk0322,1989-08-04
wpbrk0345,1988-12-23
wpbrk0388,1988-07-06
wpbrk0406,1988-04-20
wpbrk0417,1988-02-29
wpbrk0464,1987-07-13
wpbrk0467,1987-06-03
wpbrk0471,1987-02-05
wpbrk0476,1986-12-04
wpbrk0495,1986-09-30
wpbrk0497,1986-09-26
wpbrk0501,1986-08-12
wpbrk0511,1986-01-06
wpbrk0513,1985-12-26
wpbrk0516,1986-01-02
wpbrk0525,1985-10-16
wpbrk0536,1985-07-29
wpbrk0564,1984-12-11
wpbrk0570,1984-10-10
wpbrk0583,1984-05-15
wpbrk0593,1984-02-14
wpbrk0603,1983-12-16
wpbrk0624,1983-09-22
wpbrk0636,1983-02-25
wpbrk0639,1983-02-21
wpbrk0642,1983-01-03
wpbrk0650,1982-11-18
wpbrk0653,1982-10-15
wpbrk0659,1982-07-16
wpbrk0664,1982-06-28
wpbrk0667,1982-05-28
wpbrk0669,1982-05-17
wpbrk0671,1982-05-03
wpbrk0672,1982-03-25
wpbrk0673,1982-04-05
wpbrk0674,1982-03-25
wpbrk0677,1982-02-10
wpbrk0678,1982-02-15
wpbrk0682,1982-01-13
wpbrk0690,1981-12-07
wpbrk0698,1981-10-14
wpbrk0702,1981-09-17
wpbrk0703,1981-09-22
wpbrk0705,1981-07-28
wpbrk0708,1981-07-14
wpbrk0713,1981-01-15
wpbrk0715,1981-01-21
wpbrk0721,1995-11-24
wpbrk0725,1996-01-09
wpbrk0760,1997-06-05
wpbrk0758,1997-01-31
wpbrk0763,1997-01-30
wpbrk0772,1997-11-20
wpbrk0775,1998-01-10
wpbrk0776,1997-12-15
wpbrk0782,1998-01-26
wpbrk0787,1998-07-20
wpbrk0795,1998-08-06
wpbrk0799,1999-01-06
wpbrk0804,1999-01-26
wpbrk0817,1999-09-16
wpbrk0828,1999-08-23
wpbrk0840,2000-01-25
wpbrk0857,1999-07-30
wpbrk0862,2000-03-17
wpbrk0874,2000-07-17
wpbrk0889,2000-09-01
wpbrk0909,2000-11-27
wpbrk0925,1996-02-04
wpbrk0933,1996-02-28
wpbrk0942,2002-05-13
wpbrk0947,2000-12-11
wpbrk0953,2002-12-09
wpbrk0960,2003-02-27
wpbrk1068,2005-09-28
wpbrk0294,1989-12-26
wpbrk0695,1981-11-30
wpbrk0261,1990-12-12
wpbrk0148,1993-01-05
wpbrk1109,2007-01-29
wpbrk1113,2007-02-13
wpbrk1127,2007-08-21
wpbrk1140,2007-10-17
wpbrk1154,2007-12-26
wpbrk1157,2008-01-11
wpbrk1159,2008-01-29
wpbrk1173,2008-05-06
wpbrk0768,1997-11-12
wpbrk0906,2001-02-27
wpbrk0660,1982-07-21
wpbrk0550,1985-02-27
wpbrk0290,1989-12-26
wpbrk1176,2008-07-02
wpbrk1192,2008-11-02
wpbrk1201,2008-11-25
wpbrk1224,2009-05-11
wpbrk1240,2009-10-30
wpbrk1278,2009-12-17
wpbrk1311,2010-08-31
wpbrk1367,2011-01-03
wpbrk1377,2011-02-09
wpbrk1384,2011-03-23
wpbrk1387,2011-04-02
wpbrk1388,2011-04-07
wpbrk0213,1991-11-21
wpbrk1396,2011-04-27
wpbrk1458,2012-03-15
wpbrk1473,2012-07-02
wpbrk1475,2012-07-08
wpbrk1522,2013-04-03
wpbrk0111,1993-11-29
wpbrk0146,1993-01-25
wpbrk0097,1995-02-03
wpbrk0209,1991-12-16
wpbrk0335,1989-02-14
wpbrk0029,1994-10-06
wpbrk0035,1994-08-25
wpbrk0052,1994-06-20
wpbrk0120,1993-09-20
wpbrk0136,1993-03-10
wpbrk0139,1993-03-08
wpbrk0140,1993-02-15
wpbrk0223,1991-10-17
wpbrk0232,1992-06-30
wpbrk0260,1990-12-11
wpbrk0262,1990-12-12
wpbrk0301,1989-12-14
wpbrk0321,1989-08-04
wpbrk0337,1989-02-17
wpbrk0344,1989-01-17
wpbrk0396,1988-05-23
wpbrk0489,1986-11-03
wpbrk0524,1985-10-15
wpbrk0641,1983-01-03
wpbrk0922,2001-01-08
wpbrk0204,1991-12-20
wpbrk0080,1994-01-07
